mmu_event_id,intersection_id,event_epoch_ms,event_stamp,event_type,channel,nema_phase,measured_duration_ms,threshold_ms,resulting_state
MMU000229,INT0069,1704265362085,2024/01/03 07:02:42.085,PORT1_TIMEOUT,8,8,0,0,FAULT_FLASH
MMU000146,INT0165,1704373609515,2024/01/04 13:06:49.515,CONFLICT,6,6,0,0,FAULT_FLASH
MMU000251,INT0119,1704415816461,2024/01/05 00:50:16.461,MIN_YELLOW_CHANGE_FAULT,7,7,2111,2700,FAULT_FLASH
MMU000105,INT0049,1704529785068,2024/01/06 08:29:45.068,CONFLICT,5,5,0,0,FAULT_FLASH
MMU000057,INT0096,1704614603954,2024/01/07 08:03:23.954,RED_FAIL,1,1,0,0,FAULT_FLASH
MMU000099,INT0049,1705453222051,2024/01/17 01:00:22.051,PORT1_TIMEOUT,6,6,0,0,FAULT_FLASH
MMU000278,INT0057,1705467239424,2024/01/17 04:53:59.424,CONFLICT,6,6,0,0,FAULT_FLASH
MMU000216,INT0006,1705829373882,2024/01/21 09:29:33.882,VOLTAGE_MONITOR,7,7,0,0,FAULT_FLASH
MMU000325,INT0162,1706415675104,2024/01/28 04:21:15.104,MIN_YELLOW_CHANGE_FAULT,4,4,1832,2700,FAULT_FLASH
MMU000193,INT0014,1706452156926,2024/01/28 14:29:16.926,MIN_YELLOW_CHANGE_FAULT,2,2,2593,2700,FAULT_FLASH
MMU000372,INT0168,1706469922415,2024/01/28 19:25:22.415,MIN_YELLOW_CHANGE_FAULT,1,1,1802,2700,FAULT_FLASH
MMU000383,INT0084,1706942124700,2024/02/03 06:35:24.700,RED_FAIL,6,6,0,0,FAULT_FLASH
MMU000355,INT0123,1706960612522,2024/02/03 11:43:32.522,PORT1_TIMEOUT,6,6,0,0,FAULT_FLASH
MMU000233,INT0090,1706985736879,2024/02/03 18:42:16.879,RED_FAIL,1,1,0,0,FAULT_FLASH
MMU000018,INT0067,1707284345900,2024/02/07 05:39:05.900,PORT1_TIMEOUT,5,5,0,0,FAULT_FLASH
MMU000335,INT0162,1707402644426,2024/02/08 14:30:44.426,MIN_YELLOW_CHANGE_FAULT,2,2,2096,2700,FAULT_FLASH
MMU000246,INT0061,1707430183031,2024/02/08 22:09:43.031,VOLTAGE_MONITOR,4,4,0,0,FAULT_FLASH
MMU000345,INT0011,1707475474668,2024/02/09 10:44:34.668,CONFLICT,8,8,0,0,FAULT_FLASH
MMU000370,INT0138,1707494406579,2024/02/09 16:00:06.579,MIN_YELLOW_CHANGE_FAULT,1,1,2492,2700,FAULT_FLASH
MMU000156,INT0114,1707517489188,2024/02/09 22:24:49.188,PORT1_TIMEOUT,5,5,0,0,FAULT_FLASH
MMU000297,INT0048,1707600943917,2024/02/10 21:35:43.917,RED_FAIL,8,8,0,0,FAULT_FLASH
MMU000242,INT0131,1707746768362,2024/02/12 14:06:08.362,CONFLICT,8,8,0,0,FAULT_FLASH
MMU000124,INT0148,1707809028723,2024/02/13 07:23:48.723,PORT1_TIMEOUT,3,3,0,0,FAULT_FLASH
MMU000265,INT0079,1708088770730,2024/02/16 13:06:10.730,VOLTAGE_MONITOR,3,3,0,0,FAULT_FLASH
MMU000203,INT0156,1708176713069,2024/02/17 13:31:53.069,CONFLICT,3,3,0,0,FAULT_FLASH
MMU000360,INT0014,1708304981237,2024/02/19 01:09:41.237,PORT1_TIMEOUT,2,2,0,0,FAULT_FLASH
MMU000284,INT0064,1708330211629,2024/02/19 08:10:11.629,PORT1_TIMEOUT,6,6,0,0,FAULT_FLASH
MMU000392,INT0085,1708370967369,2024/02/19 19:29:27.369,PORT1_TIMEOUT,1,1,0,0,FAULT_FLASH
MMU000008,INT0126,1709037712685,2024/02/27 12:41:52.685,MIN_YELLOW_CHANGE_FAULT,5,5,2378,2700,FAULT_FLASH
MMU000044,INT0155,1709070645548,2024/02/27 21:50:45.548,PORT1_TIMEOUT,4,4,0,0,FAULT_FLASH
MMU000061,INT0011,1709125331207,2024/02/28 13:02:11.207,PORT1_TIMEOUT,6,6,0,0,FAULT_FLASH
MMU000199,INT0039,1709170973168,2024/02/29 01:42:53.168,RED_FAIL,5,5,0,0,FAULT_FLASH
MMU000363,INT0090,1709218179238,2024/02/29 14:49:39.238,PORT1_TIMEOUT,6,6,0,0,FAULT_FLASH
MMU000270,INT0087,1709444270850,2024/03/03 05:37:50.850,VOLTAGE_MONITOR,7,7,0,0,FAULT_FLASH
MMU000049,INT0119,1709481117468,2024/03/03 15:51:57.468,PORT1_TIMEOUT,2,2,0,0,FAULT_FLASH
MMU000315,INT0021,1709783473524,2024/03/07 03:51:13.524,PORT1_TIMEOUT,3,3,0,0,FAULT_FLASH
MMU000298,INT0090,1709871084060,2024/03/08 04:11:24.060,VOLTAGE_MONITOR,6,6,0,0,FAULT_FLASH
MMU000375,INT0096,1710037891271,2024/03/10 02:31:31.271,RED_FAIL,7,7,0,0,FAULT_FLASH
MMU000333,INT0144,1710483177445,2024/03/15 06:12:57.445,CONFLICT,6,6,0,0,FAULT_FLASH
MMU000081,INT0054,1710857545662,2024/03/19 14:12:25.662,MIN_YELLOW_CHANGE_FAULT,8,8,2653,2700,FAULT_FLASH
MMU000194,INT0054,1711078083862,2024/03/22 03:28:03.862,MIN_YELLOW_CHANGE_FAULT,8,8,2501,2700,FAULT_FLASH
MMU000095,INT0080,1711394382018,2024/03/25 19:19:42.018,MIN_YELLOW_CHANGE_FAULT,8,8,2415,2700,FAULT_FLASH
MMU000158,INT0001,1711756371839,2024/03/29 23:52:51.839,RED_FAIL,6,6,0,0,FAULT_FLASH
MMU000154,INT0149,1712126256053,2024/04/03 06:37:36.053,RED_FAIL,3,3,0,0,FAULT_FLASH
MMU000092,INT0152,1712546003120,2024/04/08 03:13:23.120,CONFLICT,6,6,0,0,FAULT_FLASH
MMU000249,INT0159,1712599123511,2024/04/08 17:58:43.511,RED_FAIL,1,1,0,0,FAULT_FLASH
MMU000390,INT0051,1712637014827,2024/04/09 04:30:14.827,RED_FAIL,4,4,0,0,FAULT_FLASH
MMU000291,INT0154,1712799144821,2024/04/11 01:32:24.821,CONFLICT,1,1,0,0,FAULT_FLASH
MMU000394,INT0112,1712890880851,2024/04/12 03:01:20.851,PORT1_TIMEOUT,6,6,0,0,FAULT_FLASH
MMU000223,INT0088,1712969129474,2024/04/13 00:45:29.474,RED_FAIL,2,2,0,0,FAULT_FLASH
MMU000202,INT0047,1712986407643,2024/04/13 05:33:27.643,CONFLICT,5,5,0,0,FAULT_FLASH
MMU000220,INT0132,1713193434505,2024/04/15 15:03:54.505,PORT1_TIMEOUT,8,8,0,0,FAULT_FLASH
MMU000380,INT0111,1713268987493,2024/04/16 12:03:07.493,VOLTAGE_MONITOR,7,7,0,0,FAULT_FLASH
MMU000243,INT0100,1713417005789,2024/04/18 05:10:05.789,RED_FAIL,3,3,0,0,FAULT_FLASH
MMU000163,INT0142,1713675867627,2024/04/21 05:04:27.627,RED_FAIL,3,3,0,0,FAULT_FLASH
MMU000056,INT0002,1713715730990,2024/04/21 16:08:50.990,VOLTAGE_MONITOR,1,1,0,0,FAULT_FLASH
MMU000088,INT0094,1713807829817,2024/04/22 17:43:49.817,MIN_YELLOW_CHANGE_FAULT,7,7,1882,2700,FAULT_FLASH
MMU000328,INT0124,1713882243560,2024/04/23 14:24:03.560,RED_FAIL,3,3,0,0,FAULT_FLASH
MMU000001,INT0139,1714220183557,2024/04/27 12:16:23.557,MIN_YELLOW_CHANGE_FAULT,3,3,1720,2700,FAULT_FLASH
MMU000218,INT0111,1714240187253,2024/04/27 17:49:47.253,CONFLICT,7,7,0,0,FAULT_FLASH
MMU000236,INT0036,1714240692229,2024/04/27 17:58:12.229,CONFLICT,6,6,0,0,FAULT_FLASH
MMU000032,INT0151,1714255563970,2024/04/27 22:06:03.970,PORT1_TIMEOUT,7,7,0,0,FAULT_FLASH
MMU000102,INT0051,1714541373581,2024/05/01 05:29:33.581,CONFLICT,2,2,0,0,FAULT_FLASH
MMU000107,INT0142,1714766940818,2024/05/03 20:09:00.818,PORT1_TIMEOUT,5,5,0,0,FAULT_FLASH
MMU000288,INT0040,1714816109451,2024/05/04 09:48:29.451,PORT1_TIMEOUT,2,2,0,0,FAULT_FLASH
MMU000087,INT0058,1714855921477,2024/05/04 20:52:01.477,VOLTAGE_MONITOR,1,1,0,0,FAULT_FLASH
MMU000019,INT0099,1715077282756,2024/05/07 10:21:22.756,RED_FAIL,5,5,0,0,FAULT_FLASH
MMU000017,INT0002,1715248623884,2024/05/09 09:57:03.884,PORT1_TIMEOUT,8,8,0,0,FAULT_FLASH
MMU000186,INT0163,1715648894328,2024/05/14 01:08:14.328,RED_FAIL,3,3,0,0,FAULT_FLASH
MMU000358,INT0102,1715759833404,2024/05/15 07:57:13.404,RED_FAIL,4,4,0,0,FAULT_FLASH
MMU000388,INT0044,1715771708005,2024/05/15 11:15:08.005,MIN_YELLOW_CHANGE_FAULT,2,2,2038,2700,FAULT_FLASH
MMU000382,INT0129,1715782230085,2024/05/15 14:10:30.085,PORT1_TIMEOUT,2,2,0,0,FAULT_FLASH
MMU000111,INT0074,1716223692287,2024/05/20 16:48:12.287,PORT1_TIMEOUT,7,7,0,0,FAULT_FLASH
MMU000280,INT0122,1716362207360,2024/05/22 07:16:47.360,RED_FAIL,4,4,0,0,FAULT_FLASH
MMU000254,INT0031,1716388934826,2024/05/22 14:42:14.826,VOLTAGE_MONITOR,1,1,0,0,FAULT_FLASH
MMU000349,INT0138,1716425809608,2024/05/23 00:56:49.608,RED_FAIL,1,1,0,0,FAULT_FLASH
MMU000098,INT0055,1716489256483,2024/05/23 18:34:16.483,RED_FAIL,8,8,0,0,FAULT_FLASH
MMU000120,INT0039,1717276196107,2024/06/01 21:09:56.107,PORT1_TIMEOUT,2,2,0,0,FAULT_FLASH
MMU000332,INT0065,1717393252086,2024/06/03 05:40:52.086,VOLTAGE_MONITOR,5,5,0,0,FAULT_FLASH
MMU000208,INT0148,1717522063132,2024/06/04 17:27:43.132,RED_FAIL,4,4,0,0,FAULT_FLASH
MMU000235,INT0156,1717563113667,2024/06/05 04:51:53.667,MIN_YELLOW_CHANGE_FAULT,2,2,2294,2700,FAULT_FLASH
MMU000050,INT0071,1718469988282,2024/06/15 16:46:28.282,PORT1_TIMEOUT,1,1,0,0,FAULT_FLASH
MMU000015,INT0025,1718557376687,2024/06/16 17:02:56.687,VOLTAGE_MONITOR,6,6,0,0,FAULT_FLASH
MMU000079,INT0114,1718580757513,2024/06/16 23:32:37.513,PORT1_TIMEOUT,3,3,0,0,FAULT_FLASH
MMU000136,INT0115,1718606300440,2024/06/17 06:38:20.440,CONFLICT,2,2,0,0,FAULT_FLASH
MMU000166,INT0051,1718626518819,2024/06/17 12:15:18.819,PORT1_TIMEOUT,5,5,0,0,FAULT_FLASH
MMU000104,INT0165,1718843244132,2024/06/20 00:27:24.132,RED_FAIL,3,3,0,0,FAULT_FLASH
MMU000206,INT0037,1719224952112,2024/06/24 10:29:12.112,RED_FAIL,8,8,0,0,FAULT_FLASH
MMU000303,INT0100,1719241456696,2024/06/24 15:04:16.696,CONFLICT,5,5,0,0,FAULT_FLASH
MMU000175,INT0164,1719388850229,2024/06/26 08:00:50.229,PORT1_TIMEOUT,8,8,0,0,FAULT_FLASH
MMU000217,INT0076,1719503205994,2024/06/27 15:46:45.994,VOLTAGE_MONITOR,2,2,0,0,FAULT_FLASH
MMU000252,INT0023,1719762523280,2024/06/30 15:48:43.280,CONFLICT,5,5,0,0,FAULT_FLASH
MMU000075,INT0153,1719818770496,2024/07/01 07:26:10.496,CONFLICT,7,7,0,0,FAULT_FLASH
MMU000034,INT0162,1719827147078,2024/07/01 09:45:47.078,PORT1_TIMEOUT,1,1,0,0,FAULT_FLASH
MMU000123,INT0051,1719878422229,2024/07/02 00:00:22.229,MIN_YELLOW_CHANGE_FAULT,7,7,2346,2700,FAULT_FLASH
MMU000059,INT0100,1719990520409,2024/07/03 07:08:40.409,CONFLICT,2,2,0,0,FAULT_FLASH
MMU000234,INT0080,1720011134553,2024/07/03 12:52:14.553,VOLTAGE_MONITOR,8,8,0,0,FAULT_FLASH
MMU000274,INT0011,1720047135745,2024/07/03 22:52:15.745,MIN_YELLOW_CHANGE_FAULT,7,7,2424,2700,FAULT_FLASH
MMU000237,INT0065,1720064634737,2024/07/04 03:43:54.737,VOLTAGE_MONITOR,1,1,0,0,FAULT_FLASH
MMU000112,INT0138,1720136606428,2024/07/04 23:43:26.428,RED_FAIL,8,8,0,0,FAULT_FLASH
MMU000192,INT0069,1720223184207,2024/07/05 23:46:24.207,PORT1_TIMEOUT,4,4,0,0,FAULT_FLASH
MMU000039,INT0035,1720699778696,2024/07/11 12:09:38.696,PORT1_TIMEOUT,7,7,0,0,FAULT_FLASH
MMU000012,INT0088,1720714434910,2024/07/11 16:13:54.910,MIN_YELLOW_CHANGE_FAULT,7,7,1733,2700,FAULT_FLASH
MMU000241,INT0124,1720768590247,2024/07/12 07:16:30.247,PORT1_TIMEOUT,3,3,0,0,FAULT_FLASH
MMU000240,INT0110,1721190763899,2024/07/17 04:32:43.899,PORT1_TIMEOUT,1,1,0,0,FAULT_FLASH
MMU000320,INT0057,1721243904122,2024/07/17 19:18:24.122,RED_FAIL,5,5,0,0,FAULT_FLASH
MMU000356,INT0014,1721272494993,2024/07/18 03:14:54.993,PORT1_TIMEOUT,3,3,0,0,FAULT_FLASH
MMU000260,INT0102,1721511386551,2024/07/20 21:36:26.551,RED_FAIL,2,2,0,0,FAULT_FLASH
MMU000085,INT0080,1721671997997,2024/07/22 18:13:17.997,VOLTAGE_MONITOR,1,1,0,0,FAULT_FLASH
MMU000101,INT0119,1721713620567,2024/07/23 05:47:00.567,VOLTAGE_MONITOR,4,4,0,0,FAULT_FLASH
MMU000009,INT0100,1722078703264,2024/07/27 11:11:43.264,MIN_YELLOW_CHANGE_FAULT,2,2,2648,2700,FAULT_FLASH
MMU000167,INT0069,1722587357975,2024/08/02 08:29:17.975,VOLTAGE_MONITOR,1,1,0,0,FAULT_FLASH
MMU000294,INT0098,1722635855938,2024/08/02 21:57:35.938,PORT1_TIMEOUT,1,1,0,0,FAULT_FLASH
MMU000225,INT0028,1722745321342,2024/08/04 04:22:01.342,VOLTAGE_MONITOR,8,8,0,0,FAULT_FLASH
MMU000054,INT0066,1722770506075,2024/08/04 11:21:46.075,VOLTAGE_MONITOR,1,1,0,0,FAULT_FLASH
MMU000367,INT0064,1722879448857,2024/08/05 17:37:28.857,PORT1_TIMEOUT,4,4,0,0,FAULT_FLASH
MMU000342,INT0018,1722984083630,2024/08/06 22:41:23.630,CONFLICT,1,1,0,0,FAULT_FLASH
MMU000269,INT0107,1723001804875,2024/08/07 03:36:44.875,RED_FAIL,2,2,0,0,FAULT_FLASH
MMU000180,INT0096,1723023005576,2024/08/07 09:30:05.576,PORT1_TIMEOUT,1,1,0,0,FAULT_FLASH
MMU000275,INT0038,1723110629747,2024/08/08 09:50:29.747,PORT1_TIMEOUT,7,7,0,0,FAULT_FLASH
MMU000319,INT0108,1723356914483,2024/08/11 06:15:14.483,PORT1_TIMEOUT,8,8,0,0,FAULT_FLASH
MMU000021,INT0097,1723571278165,2024/08/13 17:47:58.165,MIN_YELLOW_CHANGE_FAULT,7,7,2031,2700,FAULT_FLASH
MMU000033,INT0156,1723635347031,2024/08/14 11:35:47.031,VOLTAGE_MONITOR,2,2,0,0,FAULT_FLASH
MMU000149,INT0053,1723951147926,2024/08/18 03:19:07.926,VOLTAGE_MONITOR,6,6,0,0,FAULT_FLASH
MMU000043,INT0157,1724098970406,2024/08/19 20:22:50.406,CONFLICT,5,5,0,0,FAULT_FLASH
MMU000029,INT0023,1724110187132,2024/08/19 23:29:47.132,CONFLICT,7,7,0,0,FAULT_FLASH
MMU000379,INT0030,1724145557982,2024/08/20 09:19:17.982,PORT1_TIMEOUT,7,7,0,0,FAULT_FLASH
MMU000160,INT0110,1724157438591,2024/08/20 12:37:18.591,MIN_YELLOW_CHANGE_FAULT,8,8,2306,2700,FAULT_FLASH
MMU000393,INT0158,1724627212143,2024/08/25 23:06:52.143,VOLTAGE_MONITOR,1,1,0,0,FAULT_FLASH
MMU000144,INT0119,1724977275030,2024/08/30 00:21:15.030,RED_FAIL,8,8,0,0,FAULT_FLASH
MMU000130,INT0164,1725237928913,2024/09/02 00:45:28.913,PORT1_TIMEOUT,7,7,0,0,FAULT_FLASH
MMU000350,INT0001,1725434565541,2024/09/04 07:22:45.541,CONFLICT,4,4,0,0,FAULT_FLASH
MMU000147,INT0053,1725546374720,2024/09/05 14:26:14.720,VOLTAGE_MONITOR,2,2,0,0,FAULT_FLASH
MMU000207,INT0069,1725581756650,2024/09/06 00:15:56.650,VOLTAGE_MONITOR,4,4,0,0,FAULT_FLASH
MMU000073,INT0071,1725652679470,2024/09/06 19:57:59.470,PORT1_TIMEOUT,3,3,0,0,FAULT_FLASH
MMU000115,INT0078,1725746188775,2024/09/07 21:56:28.775,RED_FAIL,3,3,0,0,FAULT_FLASH
MMU000078,INT0026,1725925629020,2024/09/09 23:47:09.020,MIN_YELLOW_CHANGE_FAULT,6,6,2428,2700,FAULT_FLASH
MMU000387,INT0027,1725957593835,2024/09/10 08:39:53.835,RED_FAIL,8,8,0,0,FAULT_FLASH
MMU000010,INT0100,1726043122929,2024/09/11 08:25:22.929,MIN_YELLOW_CHANGE_FAULT,1,1,2348,2700,FAULT_FLASH
MMU000341,INT0113,1726084904430,2024/09/11 20:01:44.430,PORT1_TIMEOUT,1,1,0,0,FAULT_FLASH
MMU000176,INT0168,1726152420341,2024/09/12 14:47:00.341,RED_FAIL,3,3,0,0,FAULT_FLASH
MMU000060,INT0138,1726385532780,2024/09/15 07:32:12.780,RED_FAIL,3,3,0,0,FAULT_FLASH
MMU000091,INT0003,1726523745126,2024/09/16 21:55:45.126,CONFLICT,3,3,0,0,FAULT_FLASH
MMU000109,INT0068,1727156017504,2024/09/24 05:33:37.504,PORT1_TIMEOUT,4,4,0,0,FAULT_FLASH
MMU000195,INT0141,1727309335310,2024/09/26 00:08:55.310,RED_FAIL,4,4,0,0,FAULT_FLASH
MMU000201,INT0052,1727402607346,2024/09/27 02:03:27.346,VOLTAGE_MONITOR,3,3,0,0,FAULT_FLASH
MMU000066,INT0041,1727815430817,2024/10/01 20:43:50.817,MIN_YELLOW_CHANGE_FAULT,1,1,2369,2700,FAULT_FLASH
MMU000321,INT0079,1727996883081,2024/10/03 23:08:03.081,CONFLICT,3,3,0,0,FAULT_FLASH
MMU000074,INT0005,1728066735495,2024/10/04 18:32:15.495,RED_FAIL,3,3,0,0,FAULT_FLASH
MMU000312,INT0079,1728082232553,2024/10/04 22:50:32.553,VOLTAGE_MONITOR,5,5,0,0,FAULT_FLASH
MMU000187,INT0095,1728124245716,2024/10/05 10:30:45.716,PORT1_TIMEOUT,8,8,0,0,FAULT_FLASH
MMU000339,INT0167,1728183492399,2024/10/06 02:58:12.399,PORT1_TIMEOUT,4,4,0,0,FAULT_FLASH
MMU000137,INT0063,1728279446239,2024/10/07 05:37:26.239,PORT1_TIMEOUT,4,4,0,0,FAULT_FLASH
MMU000357,INT0123,1728339817443,2024/10/07 22:23:37.443,VOLTAGE_MONITOR,3,3,0,0,FAULT_FLASH
MMU000150,INT0085,1728869956149,2024/10/14 01:39:16.149,CONFLICT,8,8,0,0,FAULT_FLASH
MMU000131,INT0038,1729084475016,2024/10/16 13:14:35.016,MIN_YELLOW_CHANGE_FAULT,1,1,2401,2700,FAULT_FLASH
MMU000042,INT0096,1729175693935,2024/10/17 14:34:53.935,RED_FAIL,5,5,0,0,FAULT_FLASH
MMU000281,INT0013,1729186638020,2024/10/17 17:37:18.020,MIN_YELLOW_CHANGE_FAULT,4,4,2377,2700,FAULT_FLASH
MMU000262,INT0054,1729352843033,2024/10/19 15:47:23.033,RED_FAIL,2,2,0,0,FAULT_FLASH
MMU000213,INT0084,1729373657583,2024/10/19 21:34:17.583,MIN_YELLOW_CHANGE_FAULT,7,7,2247,2700,FAULT_FLASH
MMU000378,INT0147,1729508128670,2024/10/21 10:55:28.670,MIN_YELLOW_CHANGE_FAULT,3,3,2063,2700,FAULT_FLASH
MMU000266,INT0095,1729574901362,2024/10/22 05:28:21.362,CONFLICT,8,8,0,0,FAULT_FLASH
MMU000371,INT0128,1729816963537,2024/10/25 00:42:43.537,RED_FAIL,1,1,0,0,FAULT_FLASH
MMU000359,INT0140,1730126894534,2024/10/28 14:48:14.534,RED_FAIL,8,8,0,0,FAULT_FLASH
MMU000282,INT0097,1730366271292,2024/10/31 09:17:51.292,RED_FAIL,2,2,0,0,FAULT_FLASH
MMU000336,INT0015,1730432593632,2024/11/01 03:43:13.632,VOLTAGE_MONITOR,7,7,0,0,FAULT_FLASH
MMU000386,INT0031,1730469344314,2024/11/01 13:55:44.314,MIN_YELLOW_CHANGE_FAULT,1,1,2465,2700,FAULT_FLASH
MMU000027,INT0053,1730573176639,2024/11/02 18:46:16.639,PORT1_TIMEOUT,6,6,0,0,FAULT_FLASH
MMU000096,INT0019,1730808357016,2024/11/05 12:05:57.016,VOLTAGE_MONITOR,3,3,0,0,FAULT_FLASH
MMU000067,INT0064,1730994302432,2024/11/07 15:45:02.432,CONFLICT,4,4,0,0,FAULT_FLASH
MMU000140,INT0003,1731558749517,2024/11/14 04:32:29.517,PORT1_TIMEOUT,7,7,0,0,FAULT_FLASH
MMU000022,INT0017,1731562112132,2024/11/14 05:28:32.132,RED_FAIL,8,8,0,0,FAULT_FLASH
MMU000351,INT0071,1731781909430,2024/11/16 18:31:49.430,PORT1_TIMEOUT,3,3,0,0,FAULT_FLASH
MMU000005,INT0048,1731857161113,2024/11/17 15:26:01.113,MIN_YELLOW_CHANGE_FAULT,7,7,1722,2700,FAULT_FLASH
MMU000348,INT0060,1731939319188,2024/11/18 14:15:19.188,PORT1_TIMEOUT,2,2,0,0,FAULT_FLASH
MMU000384,INT0132,1732026062620,2024/11/19 14:21:02.620,MIN_YELLOW_CHANGE_FAULT,8,8,2104,2700,FAULT_FLASH
MMU000347,INT0070,1732332457564,2024/11/23 03:27:37.564,RED_FAIL,1,1,0,0,FAULT_FLASH
MMU000020,INT0112,1732478834430,2024/11/24 20:07:14.430,RED_FAIL,4,4,0,0,FAULT_FLASH
MMU000089,INT0035,1732519418864,2024/11/25 07:23:38.864,VOLTAGE_MONITOR,2,2,0,0,FAULT_FLASH
MMU000100,INT0103,1732948562188,2024/11/30 06:36:02.188,CONFLICT,2,2,0,0,FAULT_FLASH
MMU000313,INT0141,1733160480617,2024/12/02 17:28:00.617,RED_FAIL,5,5,0,0,FAULT_FLASH
MMU000065,INT0051,1733283783875,2024/12/04 03:43:03.875,VOLTAGE_MONITOR,8,8,0,0,FAULT_FLASH
MMU000113,INT0141,1734169630310,2024/12/14 09:47:10.310,RED_FAIL,8,8,0,0,FAULT_FLASH
MMU000028,INT0044,1734170060804,2024/12/14 09:54:20.804,PORT1_TIMEOUT,6,6,0,0,FAULT_FLASH
MMU000090,INT0030,1734425318501,2024/12/17 08:48:38.501,CONFLICT,3,3,0,0,FAULT_FLASH
MMU000244,INT0144,1734433630281,2024/12/17 11:07:10.281,PORT1_TIMEOUT,3,3,0,0,FAULT_FLASH
MMU000011,INT0047,1734544561478,2024/12/18 17:56:01.478,MIN_YELLOW_CHANGE_FAULT,1,1,2471,2700,FAULT_FLASH
MMU000116,INT0082,1735292131714,2024/12/27 09:35:31.714,PORT1_TIMEOUT,1,1,0,0,FAULT_FLASH
MMU000002,INT0158,1735729833315,2025/01/01 11:10:33.315,MIN_YELLOW_CHANGE_FAULT,7,7,1600,2700,FAULT_FLASH
MMU000003,INT0169,1735820699590,2025/01/02 12:24:59.590,MIN_YELLOW_CHANGE_FAULT,3,3,2394,2700,FAULT_FLASH
MMU000300,INT0141,1735829977121,2025/01/02 14:59:37.121,CONFLICT,1,1,0,0,FAULT_FLASH
MMU000353,INT0017,1736056517051,2025/01/05 05:55:17.051,PORT1_TIMEOUT,5,5,0,0,FAULT_FLASH
MMU000277,INT0082,1736068219302,2025/01/05 09:10:19.302,PORT1_TIMEOUT,8,8,0,0,FAULT_FLASH
MMU000071,INT0160,1736130237258,2025/01/06 02:23:57.258,PORT1_TIMEOUT,1,1,0,0,FAULT_FLASH
MMU000338,INT0082,1736247010648,2025/01/07 10:50:10.648,RED_FAIL,6,6,0,0,FAULT_FLASH
MMU000076,INT0125,1736374037578,2025/01/08 22:07:17.578,CONFLICT,7,7,0,0,FAULT_FLASH
MMU000214,INT0082,1736430075754,2025/01/09 13:41:15.754,PORT1_TIMEOUT,1,1,0,0,FAULT_FLASH
MMU000114,INT0015,1736437800435,2025/01/09 15:50:00.435,PORT1_TIMEOUT,8,8,0,0,FAULT_FLASH
MMU000181,INT0100,1736451990706,2025/01/09 19:46:30.706,RED_FAIL,7,7,0,0,FAULT_FLASH
MMU000306,INT0003,1736478276512,2025/01/10 03:04:36.512,CONFLICT,2,2,0,0,FAULT_FLASH
MMU000361,INT0071,1736623559773,2025/01/11 19:25:59.773,RED_FAIL,6,6,0,0,FAULT_FLASH
MMU000292,INT0003,1736907170509,2025/01/15 02:12:50.509,VOLTAGE_MONITOR,2,2,0,0,FAULT_FLASH
MMU000190,INT0036,1736934993299,2025/01/15 09:56:33.299,CONFLICT,1,1,0,0,FAULT_FLASH
MMU000289,INT0057,1736997404972,2025/01/16 03:16:44.972,VOLTAGE_MONITOR,1,1,0,0,FAULT_FLASH
MMU000031,INT0036,1737060279222,2025/01/16 20:44:39.222,RED_FAIL,8,8,0,0,FAULT_FLASH
MMU000041,INT0009,1737276105316,2025/01/19 08:41:45.316,PORT1_TIMEOUT,7,7,0,0,FAULT_FLASH
MMU000322,INT0169,1737285030798,2025/01/19 11:10:30.798,VOLTAGE_MONITOR,2,2,0,0,FAULT_FLASH
MMU000142,INT0081,1737455336294,2025/01/21 10:28:56.294,PORT1_TIMEOUT,7,7,0,0,FAULT_FLASH
MMU000126,INT0068,1737613048060,2025/01/23 06:17:28.060,PORT1_TIMEOUT,2,2,0,0,FAULT_FLASH
MMU000343,INT0148,1737734182514,2025/01/24 15:56:22.514,VOLTAGE_MONITOR,6,6,0,0,FAULT_FLASH
MMU000077,INT0056,1737749021833,2025/01/24 20:03:41.833,PORT1_TIMEOUT,4,4,0,0,FAULT_FLASH
MMU000103,INT0085,1737773431719,2025/01/25 02:50:31.719,PORT1_TIMEOUT,1,1,0,0,FAULT_FLASH
MMU000257,INT0103,1737861955885,2025/01/26 03:25:55.885,CONFLICT,6,6,0,0,FAULT_FLASH
MMU000215,INT0168,1738107976093,2025/01/28 23:46:16.093,RED_FAIL,7,7,0,0,FAULT_FLASH
MMU000374,INT0133,1738163943803,2025/01/29 15:19:03.803,RED_FAIL,3,3,0,0,FAULT_FLASH
MMU000013,INT0157,1738846194966,2025/02/06 12:49:54.966,MIN_YELLOW_CHANGE_FAULT,7,7,2157,2700,FAULT_FLASH
MMU000094,INT0012,1739104474775,2025/02/09 12:34:34.775,PORT1_TIMEOUT,1,1,0,0,FAULT_FLASH
MMU000295,INT0063,1739114762881,2025/02/09 15:26:02.881,RED_FAIL,8,8,0,0,FAULT_FLASH
MMU000135,INT0165,1739139296650,2025/02/09 22:14:56.650,PORT1_TIMEOUT,6,6,0,0,FAULT_FLASH
MMU000381,INT0023,1739200999388,2025/02/10 15:23:19.388,CONFLICT,5,5,0,0,FAULT_FLASH
MMU000305,INT0112,1739205475040,2025/02/10 16:37:55.040,VOLTAGE_MONITOR,5,5,0,0,FAULT_FLASH
MMU000051,INT0071,1739648789117,2025/02/15 19:46:29.117,RED_FAIL,3,3,0,0,FAULT_FLASH
MMU000200,INT0050,1739680865181,2025/02/16 04:41:05.181,RED_FAIL,8,8,0,0,FAULT_FLASH
MMU000376,INT0020,1739762279438,2025/02/17 03:17:59.438,PORT1_TIMEOUT,5,5,0,0,FAULT_FLASH
MMU000302,INT0022,1739791827247,2025/02/17 11:30:27.247,MIN_YELLOW_CHANGE_FAULT,6,6,2098,2700,FAULT_FLASH
MMU000286,INT0051,1740067416120,2025/02/20 16:03:36.120,PORT1_TIMEOUT,3,3,0,0,FAULT_FLASH
MMU000064,INT0058,1740590250291,2025/02/26 17:17:30.291,RED_FAIL,3,3,0,0,FAULT_FLASH
MMU000247,INT0010,1740641420749,2025/02/27 07:30:20.749,CONFLICT,7,7,0,0,FAULT_FLASH
MMU000204,INT0118,1740689778139,2025/02/27 20:56:18.139,PORT1_TIMEOUT,4,4,0,0,FAULT_FLASH
MMU000132,INT0029,1740706147539,2025/02/28 01:29:07.539,RED_FAIL,4,4,0,0,FAULT_FLASH
MMU000035,INT0062,1740932326084,2025/03/02 16:18:46.084,PORT1_TIMEOUT,6,6,0,0,FAULT_FLASH
MMU000025,INT0085,1741230378980,2025/03/06 03:06:18.980,VOLTAGE_MONITOR,5,5,0,0,FAULT_FLASH
MMU000228,INT0076,1741427081414,2025/03/08 09:44:41.414,MIN_YELLOW_CHANGE_FAULT,5,5,1832,2700,FAULT_FLASH
MMU000329,INT0019,1741741673695,2025/03/12 01:07:53.695,RED_FAIL,2,2,0,0,FAULT_FLASH
MMU000157,INT0161,1741854606402,2025/03/13 08:30:06.402,MIN_YELLOW_CHANGE_FAULT,5,5,1994,2700,FAULT_FLASH
MMU000287,INT0031,1742075826558,2025/03/15 21:57:06.558,RED_FAIL,8,8,0,0,FAULT_FLASH
MMU000047,INT0162,1743048513724,2025/03/27 04:08:33.724,RED_FAIL,8,8,0,0,FAULT_FLASH
MMU000164,INT0155,1743122685505,2025/03/28 00:44:45.505,PORT1_TIMEOUT,5,5,0,0,FAULT_FLASH
MMU000055,INT0077,1743169363687,2025/03/28 13:42:43.687,VOLTAGE_MONITOR,3,3,0,0,FAULT_FLASH
MMU000037,INT0025,1743376118062,2025/03/30 23:08:38.062,CONFLICT,5,5,0,0,FAULT_FLASH
MMU000304,INT0118,1743404175577,2025/03/31 06:56:15.577,VOLTAGE_MONITOR,6,6,0,0,FAULT_FLASH
MMU000004,INT0140,1743592388148,2025/04/02 11:13:08.148,MIN_YELLOW_CHANGE_FAULT,3,3,1917,2700,FAULT_FLASH
MMU000058,INT0057,1743618286094,2025/04/02 18:24:46.094,PORT1_TIMEOUT,1,1,0,0,FAULT_FLASH
MMU000310,INT0113,1744007723252,2025/04/07 06:35:23.252,PORT1_TIMEOUT,8,8,0,0,FAULT_FLASH
MMU000272,INT0167,1744010837355,2025/04/07 07:27:17.355,RED_FAIL,4,4,0,0,FAULT_FLASH
MMU000239,INT0041,1744157200232,2025/04/09 00:06:40.232,PORT1_TIMEOUT,6,6,0,0,FAULT_FLASH
MMU000377,INT0053,1744188063658,2025/04/09 08:41:03.658,CONFLICT,2,2,0,0,FAULT_FLASH
MMU000222,INT0145,1744252477919,2025/04/10 02:34:37.919,CONFLICT,6,6,0,0,FAULT_FLASH
MMU000299,INT0101,1744502091254,2025/04/12 23:54:51.254,CONFLICT,2,2,0,0,FAULT_FLASH
MMU000344,INT0026,1744784551696,2025/04/16 06:22:31.696,PORT1_TIMEOUT,2,2,0,0,FAULT_FLASH
MMU000330,INT0168,1744850784349,2025/04/17 00:46:24.349,PORT1_TIMEOUT,1,1,0,0,FAULT_FLASH
MMU000224,INT0087,1745362351055,2025/04/22 22:52:31.055,PORT1_TIMEOUT,4,4,0,0,FAULT_FLASH
MMU000245,INT0088,1745383572293,2025/04/23 04:46:12.293,PORT1_TIMEOUT,6,6,0,0,FAULT_FLASH
MMU000165,INT0064,1745443313007,2025/04/23 21:21:53.007,PORT1_TIMEOUT,4,4,0,0,FAULT_FLASH
MMU000179,INT0077,1745451084538,2025/04/23 23:31:24.538,PORT1_TIMEOUT,8,8,0,0,FAULT_FLASH
MMU000006,INT0067,1745480957436,2025/04/24 07:49:17.436,MIN_YELLOW_CHANGE_FAULT,1,1,2673,2700,FAULT_FLASH
MMU000151,INT0053,1745584061830,2025/04/25 12:27:41.830,RED_FAIL,4,4,0,0,FAULT_FLASH
MMU000119,INT0044,1745751690998,2025/04/27 11:01:30.998,RED_FAIL,4,4,0,0,FAULT_FLASH
MMU000197,INT0159,1745903131490,2025/04/29 05:05:31.490,RED_FAIL,2,2,0,0,FAULT_FLASH
MMU000238,INT0079,1745933542684,2025/04/29 13:32:22.684,PORT1_TIMEOUT,6,6,0,0,FAULT_FLASH
MMU000172,INT0022,1746079871853,2025/05/01 06:11:11.853,VOLTAGE_MONITOR,5,5,0,0,FAULT_FLASH
MMU000198,INT0125,1746099102999,2025/05/01 11:31:42.999,CONFLICT,3,3,0,0,FAULT_FLASH
MMU000118,INT0111,1746181279412,2025/05/02 10:21:19.412,PORT1_TIMEOUT,6,6,0,0,FAULT_FLASH
MMU000038,INT0044,1746318152009,2025/05/04 00:22:32.009,PORT1_TIMEOUT,2,2,0,0,FAULT_FLASH
MMU000173,INT0057,1746588365255,2025/05/07 03:26:05.255,PORT1_TIMEOUT,4,4,0,0,FAULT_FLASH
MMU000311,INT0132,1746660979122,2025/05/07 23:36:19.122,PORT1_TIMEOUT,1,1,0,0,FAULT_FLASH
MMU000327,INT0118,1746765489474,2025/05/09 04:38:09.474,PORT1_TIMEOUT,2,2,0,0,FAULT_FLASH
MMU000016,INT0052,1746819994603,2025/05/09 19:46:34.603,CONFLICT,3,3,0,0,FAULT_FLASH
MMU000063,INT0047,1746924999657,2025/05/11 00:56:39.657,CONFLICT,4,4,0,0,FAULT_FLASH
MMU000256,INT0087,1747143734611,2025/05/13 13:42:14.611,CONFLICT,4,4,0,0,FAULT_FLASH
MMU000014,INT0084,1747157033572,2025/05/13 17:23:53.572,MIN_YELLOW_CHANGE_FAULT,5,5,2290,2700,FAULT_FLASH
MMU000188,INT0035,1747471180318,2025/05/17 08:39:40.318,VOLTAGE_MONITOR,2,2,0,0,FAULT_FLASH
MMU000210,INT0041,1747794347390,2025/05/21 02:25:47.390,CONFLICT,5,5,0,0,FAULT_FLASH
MMU000196,INT0090,1747899001881,2025/05/22 07:30:01.881,PORT1_TIMEOUT,8,8,0,0,FAULT_FLASH
MMU000159,INT0146,1748001390250,2025/05/23 11:56:30.250,RED_FAIL,4,4,0,0,FAULT_FLASH
MMU000318,INT0038,1748139742647,2025/05/25 02:22:22.647,PORT1_TIMEOUT,7,7,0,0,FAULT_FLASH
MMU000259,INT0097,1748167490329,2025/05/25 10:04:50.329,MIN_YELLOW_CHANGE_FAULT,8,8,2245,2700,FAULT_FLASH
MMU000290,INT0056,1748228358439,2025/05/26 02:59:18.439,PORT1_TIMEOUT,1,1,0,0,FAULT_FLASH
MMU000326,INT0042,1748370072905,2025/05/27 18:21:12.905,VOLTAGE_MONITOR,1,1,0,0,FAULT_FLASH
MMU000309,INT0103,1748514496714,2025/05/29 10:28:16.714,VOLTAGE_MONITOR,7,7,0,0,FAULT_FLASH
MMU000162,INT0043,1748545575875,2025/05/29 19:06:15.875,PORT1_TIMEOUT,3,3,0,0,FAULT_FLASH
MMU000209,INT0038,1748560927340,2025/05/29 23:22:07.340,VOLTAGE_MONITOR,5,5,0,0,FAULT_FLASH
MMU000182,INT0104,1748691770468,2025/05/31 11:42:50.468,PORT1_TIMEOUT,2,2,0,0,FAULT_FLASH
MMU000212,INT0040,1748796085589,2025/06/01 16:41:25.589,RED_FAIL,4,4,0,0,FAULT_FLASH
MMU000221,INT0001,1749416674463,2025/06/08 21:04:34.463,RED_FAIL,2,2,0,0,FAULT_FLASH
MMU000086,INT0101,1749532608806,2025/06/10 05:16:48.806,PORT1_TIMEOUT,2,2,0,0,FAULT_FLASH
MMU000271,INT0091,1749612393529,2025/06/11 03:26:33.529,PORT1_TIMEOUT,7,7,0,0,FAULT_FLASH
MMU000045,INT0011,1749736069394,2025/06/12 13:47:49.394,RED_FAIL,1,1,0,0,FAULT_FLASH
MMU000227,INT0094,1749838110230,2025/06/13 18:08:30.230,PORT1_TIMEOUT,5,5,0,0,FAULT_FLASH
MMU000139,INT0004,1750181504853,2025/06/17 17:31:44.853,VOLTAGE_MONITOR,8,8,0,0,FAULT_FLASH
MMU000189,INT0141,1750497086593,2025/06/21 09:11:26.593,VOLTAGE_MONITOR,7,7,0,0,FAULT_FLASH
MMU000211,INT0022,1750589413459,2025/06/22 10:50:13.459,PORT1_TIMEOUT,7,7,0,0,FAULT_FLASH
MMU000026,INT0028,1750668425684,2025/06/23 08:47:05.684,VOLTAGE_MONITOR,2,2,0,0,FAULT_FLASH
MMU000373,INT0014,1750772131359,2025/06/24 13:35:31.359,RED_FAIL,1,1,0,0,FAULT_FLASH
MMU000127,INT0033,1751071989588,2025/06/28 00:53:09.588,CONFLICT,2,2,0,0,FAULT_FLASH
MMU000364,INT0154,1751185179893,2025/06/29 08:19:39.893,PORT1_TIMEOUT,7,7,0,0,FAULT_FLASH
MMU000117,INT0125,1751337646168,2025/07/01 02:40:46.168,CONFLICT,1,1,0,0,FAULT_FLASH
MMU000323,INT0029,1751736996269,2025/07/05 17:36:36.269,PORT1_TIMEOUT,5,5,0,0,FAULT_FLASH
MMU000048,INT0126,1751835567540,2025/07/06 20:59:27.540,PORT1_TIMEOUT,4,4,0,0,FAULT_FLASH
MMU000036,INT0051,1751863367728,2025/07/07 04:42:47.728,CONFLICT,2,2,0,0,FAULT_FLASH
MMU000279,INT0024,1751875398717,2025/07/07 08:03:18.717,MIN_YELLOW_CHANGE_FAULT,5,5,1995,2700,FAULT_FLASH
MMU000145,INT0047,1751891285664,2025/07/07 12:28:05.664,MIN_YELLOW_CHANGE_FAULT,7,7,2334,2700,FAULT_FLASH
MMU000093,INT0119,1752058978760,2025/07/09 11:02:58.760,CONFLICT,8,8,0,0,FAULT_FLASH
MMU000391,INT0010,1752124893238,2025/07/10 05:21:33.238,CONFLICT,6,6,0,0,FAULT_FLASH
MMU000178,INT0009,1752181242344,2025/07/10 21:00:42.344,CONFLICT,1,1,0,0,FAULT_FLASH
MMU000174,INT0111,1752264822826,2025/07/11 20:13:42.826,CONFLICT,2,2,0,0,FAULT_FLASH
MMU000337,INT0033,1752421345541,2025/07/13 15:42:25.541,VOLTAGE_MONITOR,2,2,0,0,FAULT_FLASH
MMU000141,INT0119,1752500980561,2025/07/14 13:49:40.561,MIN_YELLOW_CHANGE_FAULT,7,7,1838,2700,FAULT_FLASH
MMU000314,INT0055,1752644768681,2025/07/16 05:46:08.681,VOLTAGE_MONITOR,5,5,0,0,FAULT_FLASH
MMU000170,INT0163,1752798822735,2025/07/18 00:33:42.735,PORT1_TIMEOUT,6,6,0,0,FAULT_FLASH
MMU000148,INT0166,1752908463748,2025/07/19 07:01:03.748,PORT1_TIMEOUT,1,1,0,0,FAULT_FLASH
MMU000369,INT0132,1752947996371,2025/07/19 17:59:56.371,RED_FAIL,8,8,0,0,FAULT_FLASH
MMU000362,INT0160,1752965547670,2025/07/19 22:52:27.670,RED_FAIL,2,2,0,0,FAULT_FLASH
MMU000053,INT0017,1753317167173,2025/07/24 00:32:47.173,PORT1_TIMEOUT,1,1,0,0,FAULT_FLASH
MMU000169,INT0141,1753444459695,2025/07/25 11:54:19.695,CONFLICT,3,3,0,0,FAULT_FLASH
MMU000267,INT0024,1753668301343,2025/07/28 02:05:01.343,CONFLICT,1,1,0,0,FAULT_FLASH
MMU000258,INT0161,1753848131858,2025/07/30 04:02:11.858,VOLTAGE_MONITOR,7,7,0,0,FAULT_FLASH
MMU000346,INT0010,1753978119716,2025/07/31 16:08:39.716,PORT1_TIMEOUT,8,8,0,0,FAULT_FLASH
MMU000255,INT0050,1754105397597,2025/08/02 03:29:57.597,VOLTAGE_MONITOR,5,5,0,0,FAULT_FLASH
MMU000296,INT0013,1754359495101,2025/08/05 02:04:55.101,PORT1_TIMEOUT,6,6,0,0,FAULT_FLASH
MMU000366,INT0033,1754575781808,2025/08/07 14:09:41.808,VOLTAGE_MONITOR,5,5,0,0,FAULT_FLASH
MMU000134,INT0085,1754625698019,2025/08/08 04:01:38.019,PORT1_TIMEOUT,3,3,0,0,FAULT_FLASH
MMU000232,INT0065,1754769464264,2025/08/09 19:57:44.264,RED_FAIL,2,2,0,0,FAULT_FLASH
MMU000191,INT0159,1755192659994,2025/08/14 17:30:59.994,MIN_YELLOW_CHANGE_FAULT,4,4,2019,2700,FAULT_FLASH
MMU000106,INT0108,1755228279079,2025/08/15 03:24:39.079,CONFLICT,7,7,0,0,FAULT_FLASH
MMU000030,INT0148,1755435638964,2025/08/17 13:00:38.964,CONFLICT,4,4,0,0,FAULT_FLASH
MMU000040,INT0024,1755478061661,2025/08/18 00:47:41.661,PORT1_TIMEOUT,8,8,0,0,FAULT_FLASH
MMU000068,INT0077,1755527472978,2025/08/18 14:31:12.978,RED_FAIL,2,2,0,0,FAULT_FLASH
MMU000250,INT0159,1755567536770,2025/08/19 01:38:56.770,CONFLICT,7,7,0,0,FAULT_FLASH
MMU000128,INT0061,1755669607133,2025/08/20 06:00:07.133,PORT1_TIMEOUT,6,6,0,0,FAULT_FLASH
MMU000062,INT0126,1755829826862,2025/08/22 02:30:26.862,CONFLICT,6,6,0,0,FAULT_FLASH
MMU000072,INT0163,1755891968719,2025/08/22 19:46:08.719,RED_FAIL,8,8,0,0,FAULT_FLASH
MMU000143,INT0100,1755915740303,2025/08/23 02:22:20.303,PORT1_TIMEOUT,3,3,0,0,FAULT_FLASH
MMU000385,INT0081,1755999950713,2025/08/24 01:45:50.713,CONFLICT,1,1,0,0,FAULT_FLASH
MMU000273,INT0061,1756014128203,2025/08/24 05:42:08.203,MIN_YELLOW_CHANGE_FAULT,2,2,1824,2700,FAULT_FLASH
MMU000268,INT0108,1756820756808,2025/09/02 13:45:56.808,RED_FAIL,1,1,0,0,FAULT_FLASH
MMU000283,INT0058,1756930181129,2025/09/03 20:09:41.129,VOLTAGE_MONITOR,5,5,0,0,FAULT_FLASH
MMU000205,INT0134,1756942506597,2025/09/03 23:35:06.597,PORT1_TIMEOUT,8,8,0,0,FAULT_FLASH
MMU000301,INT0158,1756977623221,2025/09/04 09:20:23.221,RED_FAIL,4,4,0,0,FAULT_FLASH
MMU000316,INT0065,1757168486148,2025/09/06 14:21:26.148,MIN_YELLOW_CHANGE_FAULT,1,1,2183,2700,FAULT_FLASH
MMU000331,INT0160,1757748436885,2025/09/13 07:27:16.885,CONFLICT,7,7,0,0,FAULT_FLASH
MMU000230,INT0009,1757873107435,2025/09/14 18:05:07.435,CONFLICT,8,8,0,0,FAULT_FLASH
MMU000352,INT0008,1758141963474,2025/09/17 20:46:03.474,RED_FAIL,5,5,0,0,FAULT_FLASH
MMU000083,INT0165,1758469444421,2025/09/21 15:44:04.421,PORT1_TIMEOUT,3,3,0,0,FAULT_FLASH
MMU000046,INT0046,1758512603389,2025/09/22 03:43:23.389,RED_FAIL,8,8,0,0,FAULT_FLASH
MMU000185,INT0114,1758772828100,2025/09/25 04:00:28.100,PORT1_TIMEOUT,5,5,0,0,FAULT_FLASH
MMU000052,INT0055,1758945945679,2025/09/27 04:05:45.679,PORT1_TIMEOUT,8,8,0,0,FAULT_FLASH
MMU000161,INT0136,1758984974168,2025/09/27 14:56:14.168,CONFLICT,5,5,0,0,FAULT_FLASH
MMU000108,INT0154,1759269322262,2025/09/30 21:55:22.262,PORT1_TIMEOUT,5,5,0,0,FAULT_FLASH
MMU000285,INT0109,1759447928862,2025/10/02 23:32:08.862,RED_FAIL,1,1,0,0,FAULT_FLASH
MMU000308,INT0098,1759480532986,2025/10/03 08:35:32.986,VOLTAGE_MONITOR,8,8,0,0,FAULT_FLASH
MMU000084,INT0069,1759779627827,2025/10/06 19:40:27.827,CONFLICT,8,8,0,0,FAULT_FLASH
MMU000307,INT0010,1760054171494,2025/10/09 23:56:11.494,MIN_YELLOW_CHANGE_FAULT,8,8,1820,2700,FAULT_FLASH
MMU000253,INT0012,1760324193663,2025/10/13 02:56:33.663,RED_FAIL,5,5,0,0,FAULT_FLASH
MMU000153,INT0073,1760911559046,2025/10/19 22:05:59.046,PORT1_TIMEOUT,1,1,0,0,FAULT_FLASH
MMU000248,INT0099,1761011316860,2025/10/21 01:48:36.860,PORT1_TIMEOUT,1,1,0,0,FAULT_FLASH
MMU000324,INT0120,1761249988265,2025/10/23 20:06:28.265,VOLTAGE_MONITOR,7,7,0,0,FAULT_FLASH
MMU000133,INT0104,1761272293787,2025/10/24 02:18:13.787,VOLTAGE_MONITOR,7,7,0,0,FAULT_FLASH
MMU000261,INT0118,1761279991265,2025/10/24 04:26:31.265,CONFLICT,8,8,0,0,FAULT_FLASH
MMU000354,INT0163,1761598551244,2025/10/27 20:55:51.244,CONFLICT,1,1,0,0,FAULT_FLASH
MMU000317,INT0057,1761774890684,2025/10/29 21:54:50.684,VOLTAGE_MONITOR,6,6,0,0,FAULT_FLASH
MMU000263,INT0056,1761834488680,2025/10/30 14:28:08.680,CONFLICT,2,2,0,0,FAULT_FLASH
MMU000368,INT0133,1761877339842,2025/10/31 02:22:19.842,VOLTAGE_MONITOR,7,7,0,0,FAULT_FLASH
MMU000340,INT0043,1761974489908,2025/11/01 05:21:29.908,CONFLICT,3,3,0,0,FAULT_FLASH
MMU000177,INT0141,1762019994770,2025/11/01 17:59:54.770,PORT1_TIMEOUT,1,1,0,0,FAULT_FLASH
MMU000122,INT0019,1762232738941,2025/11/04 05:05:38.941,MIN_YELLOW_CHANGE_FAULT,6,6,1861,2700,FAULT_FLASH
MMU000264,INT0140,1762402255766,2025/11/06 04:10:55.766,PORT1_TIMEOUT,6,6,0,0,FAULT_FLASH
MMU000155,INT0012,1762467850941,2025/11/06 22:24:10.941,MIN_YELLOW_CHANGE_FAULT,8,8,2038,2700,FAULT_FLASH
MMU000138,INT0077,1762482739615,2025/11/07 02:32:19.615,RED_FAIL,5,5,0,0,FAULT_FLASH
MMU000389,INT0081,1762876911909,2025/11/11 16:01:51.909,PORT1_TIMEOUT,5,5,0,0,FAULT_FLASH
MMU000184,INT0072,1763135812235,2025/11/14 15:56:52.235,CONFLICT,1,1,0,0,FAULT_FLASH
MMU000097,INT0119,1763250285535,2025/11/15 23:44:45.535,VOLTAGE_MONITOR,8,8,0,0,FAULT_FLASH
MMU000226,INT0114,1763536169755,2025/11/19 07:09:29.755,RED_FAIL,5,5,0,0,FAULT_FLASH
MMU000007,INT0051,1763742550646,2025/11/21 16:29:10.646,MIN_YELLOW_CHANGE_FAULT,3,3,2172,2700,FAULT_FLASH
MMU000023,INT0090,1763801861547,2025/11/22 08:57:41.547,PORT1_TIMEOUT,6,6,0,0,FAULT_FLASH
MMU000070,INT0100,1764177659168,2025/11/26 17:20:59.168,VOLTAGE_MONITOR,8,8,0,0,FAULT_FLASH
MMU000110,INT0093,1764257351724,2025/11/27 15:29:11.724,RED_FAIL,6,6,0,0,FAULT_FLASH
MMU000129,INT0012,1764402188596,2025/11/29 07:43:08.596,CONFLICT,4,4,0,0,FAULT_FLASH
MMU000334,INT0041,1764588933075,2025/12/01 11:35:33.075,PORT1_TIMEOUT,2,2,0,0,FAULT_FLASH
MMU000293,INT0129,1764805578544,2025/12/03 23:46:18.544,PORT1_TIMEOUT,5,5,0,0,FAULT_FLASH
MMU000231,INT0076,1764912084753,2025/12/05 05:21:24.753,CONFLICT,7,7,0,0,FAULT_FLASH
MMU000082,INT0121,1765018436254,2025/12/06 10:53:56.254,VOLTAGE_MONITOR,1,1,0,0,FAULT_FLASH
MMU000069,INT0053,1765157569550,2025/12/08 01:32:49.550,PORT1_TIMEOUT,1,1,0,0,FAULT_FLASH
MMU000365,INT0057,1765374303935,2025/12/10 13:45:03.935,PORT1_TIMEOUT,3,3,0,0,FAULT_FLASH
MMU000080,INT0002,1765504340793,2025/12/12 01:52:20.793,CONFLICT,3,3,0,0,FAULT_FLASH
MMU000276,INT0034,1765900227430,2025/12/16 15:50:27.430,PORT1_TIMEOUT,8,8,0,0,FAULT_FLASH
MMU000171,INT0117,1766139209395,2025/12/19 10:13:29.395,PORT1_TIMEOUT,8,8,0,0,FAULT_FLASH
MMU000219,INT0143,1766227446493,2025/12/20 10:44:06.493,VOLTAGE_MONITOR,6,6,0,0,FAULT_FLASH
MMU000168,INT0101,1766325375719,2025/12/21 13:56:15.719,RED_FAIL,2,2,0,0,FAULT_FLASH
MMU000152,INT0117,1766680111743,2025/12/25 16:28:31.743,CONFLICT,4,4,0,0,FAULT_FLASH
MMU000125,INT0079,1766861931241,2025/12/27 18:58:51.241,RED_FAIL,1,1,0,0,FAULT_FLASH
MMU000121,INT0136,1766946983988,2025/12/28 18:36:23.988,PORT1_TIMEOUT,1,1,0,0,FAULT_FLASH
MMU000183,INT0101,1767010844645,2025/12/29 12:20:44.645,CONFLICT,4,4,0,0,FAULT_FLASH
MMU000024,INT0060,1767057222658,2025/12/30 01:13:42.658,PORT1_TIMEOUT,5,5,0,0,FAULT_FLASH
